Model,Best Score,Best Parameter,Precision,Recall,F1-score,TPR,FPR,AUC
KNN,0.7683743403152125,"{'clf__n_neighbors': 20, 'clf__p': 2, 'clf__weights': 'uniform'}",0.8148741085722602,0.778071150639244,0.7960474870263738,0.778071150639244,0.1943171402383134,0.87
ANN,0.7456682830512843,"{'clf__activation': 'relu', 'clf__alpha': 0.1, 'clf__hidden_layer_sizes': (50,)}",0.8518410711686799,0.8487529002320185,0.8502941817389409,0.8487529002320185,0.1486999707858603,0.93
DNN,0.7844563028037775,"{'clf__batch_size': 128, 'clf__epochs': 50, 'clf__optimizer': 'adam'}",0.831756658419444,0.8177135498640721,0.8246753246753246,0.8177135498640721,0.17118317784688286,0.9
