Model,Best Score,Best Parameter,Precision,Recall,F1-score,TPR,FPR,AUC
knn,0.76837434,"{'clf__n_neighbors': 20, 'clf__p': 2, 'clf__weights': 'uniform'}",0.814874109,0.778071151,0.796047487,0.778071151,0.19431714,0.87
ann,0.745668283,"{'clf__activation': 'relu', 'clf__alpha': 0.1, 'clf__hidden_layer_sizes': (50,)}",0.851841071,0.8487529,0.850294182,0.8487529,0.148699971,0.93
dnn,0.789477527141571,"{'clf__batch_size': 128, 'clf__epochs': 50, 'clf__optimizer': 'adam'}",0.815747343909184,0.821727019498607,0.81872626351154,0.821727019498607,0.182921543129606,0.9
svm,0.789041042569667,"{'clf__C': 1000, 'clf__gamma': 0.0001, 'clf__kernel': 'linear'}",0.938582447969728,0.644384492406075,0.764144795307779,0.644384492406075,0.113015532940546,0.85
rf,0.748071888602598,"{'clf__max_depth': 3, 'clf__max_leaf_nodes': 8, 'clf__min_samples_split': 402, 'clf__n_estimators': 90}",0.887643719982535,0.671992066989863,0.764908760268389,0.671992066989863,0.165452207458208,0.83
logit,0.788022262703331,"{'clf__C': 0.1, 'clf__class_weight': 1, 'clf__max_iter': 1000, 'clf__penalty': 'l2'}",0.796827244942512,0.758730598669623,0.777312415702421,0.758730598669623,0.213913576463377,0.85
tree,0.714524980879508,"{'clf__max_depth': 3, 'clf__max_leaf_nodes': 3, 'clf__min_samples_split': 2}",0.622762334449134,0.762745098039216,0.68568223700024,0.762745098039216,0.318740777176586,0.76
