Model,Best Score,Best Parameter,Precision,Recall,F1-score,TPR,FPR,AUC
logit,0.788022263,"{'clf__C': 0.1, 'clf__class_weight': 1, 'clf__max_iter': 1000, 'clf__penalty': 'l2'}",0.796827245,0.758730599,0.777312416,0.758730599,0.213913576,0.85
tree,0.714524981,"{'clf__max_depth': 3, 'clf__max_leaf_nodes': 3, 'clf__min_samples_split': 2}",0.622762334,0.762745098,0.685682237,0.762745098,0.318740777,0.76
rf,0.748071889,"{'clf__max_depth': 3, 'clf__max_leaf_nodes': 8, 'clf__min_samples_split': 402, 'clf__n_estimators': 90}",0.88764372,0.671992067,0.76490876,0.671992067,0.165452207,0.83
svm,0.789041043,"{'clf__C': 1000, 'clf__gamma': 0.0001, 'clf__kernel': 'linear'}",0.938582448,0.644384492,0.764144795,0.644384492,0.113015533,0.85
knn,0.76837434,"{'clf__n_neighbors': 20, 'clf__p': 2, 'clf__weights': 'uniform'}",0.814874109,0.778071151,0.796047487,0.778071151,0.19431714,0.87
ann,0.745668283,"{'clf__activation': 'relu', 'clf__alpha': 0.1, 'clf__hidden_layer_sizes': (50,)}",0.851841071,0.8487529,0.850294182,0.8487529,0.148699971,0.93
dnn,0.789477527,"{'clf__batch_size': 128, 'clf__epochs': 50, 'clf__optimizer': 'adam'}",0.815747344,0.821727019,0.818726264,0.821727019,0.182921543,0.9
