Model,Best Score,Best Parameter,Precision,Recall,F1-score,TPR,FPR,AUC
KNN,0.76837434,"{'clf__n_neighbors': 20, 'clf__p': 2, 'clf__weights': 'uniform'}",0.814874109,0.778071151,0.796047487,0.778071151,0.19431714,0.87
ANN,0.745668283,"{'clf__activation': 'relu', 'clf__alpha': 0.1, 'clf__hidden_layer_sizes': (50,)}",0.851841071,0.8487529,0.850294182,0.8487529,0.148699971,0.93
DNN,0.789477527141571,"{'clf__batch_size': 128, 'clf__epochs': 50, 'clf__optimizer': 'adam'}",0.8157473439091836,0.8217270194986073,0.8187262635115397,0.8217270194986073,0.1829215431296055,0.9
SVM,0.789041042569667,"{'clf__C': 1000, 'clf__gamma': 0.0001, 'clf__kernel': 'linear'}",0.9385824479697279,0.6443844924060751,0.7641447953077789,0.6443844924060751,0.11301553294054634,0.85
RF,0.7480718886025978,"{'clf__max_depth': 3, 'clf__max_leaf_nodes': 8, 'clf__min_samples_split': 402, 'clf__n_estimators': 90}",0.8876437199825353,0.6719920669898634,0.764908760268389,0.6719920669898634,0.1654522074582083,0.83
Logit,0.788022262703331,"{'clf__C': 0.1, 'clf__class_weight': 1, 'clf__max_iter': 1000, 'clf__penalty': 'l2'}",0.796827244942512,0.7587305986696231,0.7773124157024207,0.7587305986696231,0.2139135764633772,0.85
Tree,0.7145249808795077,"{'clf__max_depth': 3, 'clf__max_leaf_nodes': 3, 'clf__min_samples_split': 2}",0.6227623344491341,0.7627450980392156,0.6856822370002404,0.7627450980392156,0.3187407771765863,0.76
